[{"created_at":"Tue Jan 06 18:27:25 +0000 2015","id":552531902536876033,"id_str":"552531902536876033","text":"Today stats: 2 followers, No unfollowers via http:\/\/t.co\/nVGil1wCuL","source":"\u003ca href=\"https:\/\/unfollowers.com\" rel=\"nofollow\"\u003eUnfollowers\u003c\/a\u003e","truncated":false,"in_reply_to_status_id":null,"in_reply_to_status_id_str":null,"in_reply_to_user_id":null,"in_reply_to_user_id_str":null,"in_reply_to_screen_name":null,"user":{"id":612508234,"id_str":"612508234","name":"Arya Maha Yoga","screen_name":"ARMY","location":"Makassar Kota Daeng","profile_location":null,"description":"","url":null,"entities":{"description":{"urls":[]}},"protected":false,"followers_count":582,"friends_count":255,"listed_count":2,"created_at":"Tue Jun 19 12:10:28 +0000 2012","favourites_count":11,"utc_offset":28800,"time_zone":"Beijing","geo_enabled":false,"verified":false,"statuses_count":941,"lang":"en","contributors_enabled":false,"is_translator":false,"is_translation_enabled":false,"profile_background_color":"7111DE","profile_background_image_url":"http:\/\/pbs.twimg.com\/profile_background_images\/714014581\/73584129517c7ac6fda266968bf8fae8.jpeg","profile_background_image_url_https":"https:\/\/pbs.twimg.com\/profile_background_images\/714014581\/73584129517c7ac6fda266968bf8fae8.jpeg","profile_background_tile":true,"profile_image_url":"http:\/\/pbs.twimg.com\/profile_images\/539039660161261568\/SmRRRho__normal.jpeg","profile_image_url_https":"https:\/\/pbs.twimg.com\/profile_images\/539039660161261568\/SmRRRho__normal.jpeg","profile_banner_url":"https:\/\/pbs.twimg.com\/profile_banners\/612508234\/1397775476","profile_link_color":"730EE6","profile_sidebar_border_color":"000000","profile_sidebar_fill_color":"DDEEF6","profile_text_color":"333333","profile_use_background_image":true,"default_profile":false,"default_profile_image":false,"following":false,"follow_request_sent":false,"notifications":false},"geo":null,"coordinates":null,"place":null,"contributors":null,"retweet_count":0,"favorite_count":0,"entities":{"hashtags":[],"symbols":[],"user_mentions":[],"urls":[{"url":"http:\/\/t.co\/nVGil1wCuL","expanded_url":"http:\/\/uapp.ly","display_url":"uapp.ly","indices":[45,67]}]},"favorited":false,"retweeted":false,"possibly_sensitive":false,"lang":"en"},{"created_at":"Mon Jan 05 17:21:34 +0000 2015","id":552152943680823296,"id_str":"552152943680823296","text":"Today stats: 2 followers, No unfollowers via http:\/\/t.co\/nVGil1wCuL","source":"\u003ca href=\"https:\/\/unfollowers.com\" rel=\"nofollow\"\u003eUnfollowers\u003c\/a\u003e","truncated":false,"in_reply_to_status_id":null,"in_reply_to_status_id_str":null,"in_reply_to_user_id":null,"in_reply_to_user_id_str":null,"in_reply_to_screen_name":null,"user":{"id":612508234,"id_str":"612508234","name":"Arya Maha Yoga","screen_name":"ARMY","location":"Makassar Kota Daeng","profile_location":null,"description":"","url":null,"entities":{"description":{"urls":[]}},"protected":false,"followers_count":582,"friends_count":255,"listed_count":2,"created_at":"Tue Jun 19 12:10:28 +0000 2012","favourites_count":11,"utc_offset":28800,"time_zone":"Beijing","geo_enabled":false,"verified":false,"statuses_count":941,"lang":"en","contributors_enabled":false,"is_translator":false,"is_translation_enabled":false,"profile_background_color":"7111DE","profile_background_image_url":"http:\/\/pbs.twimg.com\/profile_background_images\/714014581\/73584129517c7ac6fda266968bf8fae8.jpeg","profile_background_image_url_https":"https:\/\/pbs.twimg.com\/profile_background_images\/714014581\/73584129517c7ac6fda266968bf8fae8.jpeg","profile_background_tile":true,"profile_image_url":"http:\/\/pbs.twimg.com\/profile_images\/539039660161261568\/SmRRRho__normal.jpeg","profile_image_url_https":"https:\/\/pbs.twimg.com\/profile_images\/539039660161261568\/SmRRRho__normal.jpeg","profile_banner_url":"https:\/\/pbs.twimg.com\/profile_banners\/612508234\/1397775476","profile_link_color":"730EE6","profile_sidebar_border_color":"000000","profile_sidebar_fill_color":"DDEEF6","profile_text_color":"333333","profile_use_background_image":true,"default_profile":false,"default_profile_image":false,"following":false,"follow_request_sent":false,"notifications":false},"geo":null,"coordinates":null,"place":null,"contributors":null,"retweet_count":0,"favorite_count":0,"entities":{"hashtags":[],"symbols":[],"user_mentions":[],"urls":[{"url":"http:\/\/t.co\/nVGil1wCuL","expanded_url":"http:\/\/uapp.ly","display_url":"uapp.ly","indices":[45,67]}]},"favorited":false,"retweeted":false,"possibly_sensitive":false,"lang":"en"},{"created_at":"Sun Jan 04 17:16:17 +0000 2015","id":551789226216280064,"id_str":"551789226216280064","text":"Today stats: One follower, No unfollowers via http:\/\/t.co\/F2dIwFXDt4","source":"\u003ca href=\"https:\/\/unfollowers.com\" rel=\"nofollow\"\u003eUnfollowers\u003c\/a\u003e","truncated":false,"in_reply_to_status_id":null,"in_reply_to_status_id_str":null,"in_reply_to_user_id":null,"in_reply_to_user_id_str":null,"in_reply_to_screen_name":null,"user":{"id":612508234,"id_str":"612508234","name":"Arya Maha Yoga","screen_name":"ARMY","location":"Makassar Kota Daeng","profile_location":null,"description":"","url":null,"entities":{"description":{"urls":[]}},"protected":false,"followers_count":582,"friends_count":255,"listed_count":2,"created_at":"Tue Jun 19 12:10:28 +0000 2012","favourites_count":11,"utc_offset":28800,"time_zone":"Beijing","geo_enabled":false,"verified":false,"statuses_count":941,"lang":"en","contributors_enabled":false,"is_translator":false,"is_translation_enabled":false,"profile_background_color":"7111DE","profile_background_image_url":"http:\/\/pbs.twimg.com\/profile_background_images\/714014581\/73584129517c7ac6fda266968bf8fae8.jpeg","profile_background_image_url_https":"https:\/\/pbs.twimg.com\/profile_background_images\/714014581\/73584129517c7ac6fda266968bf8fae8.jpeg","profile_background_tile":true,"profile_image_url":"http:\/\/pbs.twimg.com\/profile_images\/539039660161261568\/SmRRRho__normal.jpeg","profile_image_url_https":"https:\/\/pbs.twimg.com\/profile_images\/539039660161261568\/SmRRRho__normal.jpeg","profile_banner_url":"https:\/\/pbs.twimg.com\/profile_banners\/612508234\/1397775476","profile_link_color":"730EE6","profile_sidebar_border_color":"000000","profile_sidebar_fill_color":"DDEEF6","profile_text_color":"333333","profile_use_background_image":true,"default_profile":false,"default_profile_image":false,"following":false,"follow_request_sent":false,"notifications":false},"geo":null,"coordinates":null,"place":null,"contributors":null,"retweet_count":0,"favorite_count":0,"entities":{"hashtags":[],"symbols":[],"user_mentions":[],"urls":[{"url":"http:\/\/t.co\/F2dIwFXDt4","expanded_url":"http:\/\/uapp.ly","display_url":"uapp.ly","indices":[46,68]}]},"favorited":false,"retweeted":false,"possibly_sensitive":false,"lang":"en"}]