[{"created_at":"Wed Jan 21 14:00:18 +0000 2015","id":557900498117083137,"id_str":"557900498117083137","text":"The Transformative Effects of Reading + Elon Musk's Reading List http:\/\/t.co\/dBOQbH7ohC http:\/\/t.co\/NpGbketQqV","source":"\u003ca href=\"http:\/\/bufferapp.com\" rel=\"nofollow\"\u003eBuffer\u003c\/a\u003e","truncated":false,"in_reply_to_status_id":null,"in_reply_to_status_id_str":null,"in_reply_to_user_id":null,"in_reply_to_user_id_str":null,"in_reply_to_screen_name":null,"user":{"id":16582191,"id_str":"16582191","name":"Envato","screen_name":"envato","location":"Melbourne","profile_location":null,"description":"Envato is an ecosystem of sites to help you get creative.\n\nSupport Requests: @envato_help","url":"http:\/\/t.co\/5OvUThoMWI","entities":{"url":{"urls":[{"url":"http:\/\/t.co\/5OvUThoMWI","expanded_url":"http:\/\/envato.com","display_url":"envato.com","indices":[0,22]}]},"description":{"urls":[]}},"protected":false,"followers_count":49606,"friends_count":518,"listed_count":1768,"created_at":"Fri Oct 03 19:11:51 +0000 2008","favourites_count":281,"utc_offset":39600,"time_zone":"Melbourne","geo_enabled":false,"verified":false,"statuses_count":6172,"lang":"en","contributors_enabled":false,"is_translator":false,"is_translation_enabled":false,"profile_background_color":"323435","profile_background_image_url":"http:\/\/pbs.twimg.com\/profile_background_images\/378800000036129044\/4aaf87e960f30537daa1a0a0c3c4fc31.jpeg","profile_background_image_url_https":"https:\/\/pbs.twimg.com\/profile_background_images\/378800000036129044\/4aaf87e960f30537daa1a0a0c3c4fc31.jpeg","profile_background_tile":false,"profile_image_url":"http:\/\/pbs.twimg.com\/profile_images\/344513261572266825\/1316a31c9c4481517fbb3fca65e96f3d_normal.png","profile_image_url_https":"https:\/\/pbs.twimg.com\/profile_images\/344513261572266825\/1316a31c9c4481517fbb3fca65e96f3d_normal.png","profile_banner_url":"https:\/\/pbs.twimg.com\/profile_banners\/16582191\/1398308277","profile_link_color":"83B449","profile_sidebar_border_color":"FFFFFF","profile_sidebar_fill_color":"6C9450","profile_text_color":"242424","profile_use_background_image":true,"default_profile":false,"default_profile_image":false,"following":true,"follow_request_sent":false,"notifications":false},"geo":null,"coordinates":null,"place":null,"contributors":null,"retweet_count":7,"favorite_count":8,"entities":{"hashtags":[],"symbols":[],"user_mentions":[],"urls":[{"url":"http:\/\/t.co\/dBOQbH7ohC","expanded_url":"http:\/\/buff.ly\/1BD52XY","display_url":"buff.ly\/1BD52XY","indices":[65,87]}],"media":[{"id":557900498045779969,"id_str":"557900498045779969","indices":[88,110],"media_url":"http:\/\/pbs.twimg.com\/media\/B74PjA4IQAEtj2n.jpg","media_url_https":"https:\/\/pbs.twimg.com\/media\/B74PjA4IQAEtj2n.jpg","url":"http:\/\/t.co\/NpGbketQqV","display_url":"pic.twitter.com\/NpGbketQqV","expanded_url":"http:\/\/twitter.com\/envato\/status\/557900498117083137\/photo\/1","type":"photo","sizes":{"medium":{"w":600,"h":399,"resize":"fit"},"small":{"w":340,"h":226,"resize":"fit"},"thumb":{"w":150,"h":150,"resize":"crop"},"large":{"w":700,"h":466,"resize":"fit"}}}]},"extended_entities":{"media":[{"id":557900498045779969,"id_str":"557900498045779969","indices":[88,110],"media_url":"http:\/\/pbs.twimg.com\/media\/B74PjA4IQAEtj2n.jpg","media_url_https":"https:\/\/pbs.twimg.com\/media\/B74PjA4IQAEtj2n.jpg","url":"http:\/\/t.co\/NpGbketQqV","display_url":"pic.twitter.com\/NpGbketQqV","expanded_url":"http:\/\/twitter.com\/envato\/status\/557900498117083137\/photo\/1","type":"photo","sizes":{"medium":{"w":600,"h":399,"resize":"fit"},"small":{"w":340,"h":226,"resize":"fit"},"thumb":{"w":150,"h":150,"resize":"crop"},"large":{"w":700,"h":466,"resize":"fit"}}}]},"favorited":false,"retweeted":false,"possibly_sensitive":false,"lang":"en"},{"created_at":"Wed Jan 21 03:56:44 +0000 2015","id":557748603343884289,"id_str":"557748603343884289","text":"Envato, The Australian Company Behind ThemeForest, Has Paid Out $224 Million To Its Users http:\/\/t.co\/Llvpstnz09 by @alexandraheber","source":"\u003ca href=\"http:\/\/twitter.com\" rel=\"nofollow\"\u003eTwitter Web Client\u003c\/a\u003e","truncated":false,"in_reply_to_status_id":null,"in_reply_to_status_id_str":null,"in_reply_to_user_id":null,"in_reply_to_user_id_str":null,"in_reply_to_screen_name":null,"user":{"id":16582191,"id_str":"16582191","name":"Envato","screen_name":"envato","location":"Melbourne","profile_location":null,"description":"Envato is an ecosystem of sites to help you get creative.\n\nSupport Requests: @envato_help","url":"http:\/\/t.co\/5OvUThoMWI","entities":{"url":{"urls":[{"url":"http:\/\/t.co\/5OvUThoMWI","expanded_url":"http:\/\/envato.com","display_url":"envato.com","indices":[0,22]}]},"description":{"urls":[]}},"protected":false,"followers_count":49606,"friends_count":518,"listed_count":1768,"created_at":"Fri Oct 03 19:11:51 +0000 2008","favourites_count":281,"utc_offset":39600,"time_zone":"Melbourne","geo_enabled":false,"verified":false,"statuses_count":6172,"lang":"en","contributors_enabled":false,"is_translator":false,"is_translation_enabled":false,"profile_background_color":"323435","profile_background_image_url":"http:\/\/pbs.twimg.com\/profile_background_images\/378800000036129044\/4aaf87e960f30537daa1a0a0c3c4fc31.jpeg","profile_background_image_url_https":"https:\/\/pbs.twimg.com\/profile_background_images\/378800000036129044\/4aaf87e960f30537daa1a0a0c3c4fc31.jpeg","profile_background_tile":false,"profile_image_url":"http:\/\/pbs.twimg.com\/profile_images\/344513261572266825\/1316a31c9c4481517fbb3fca65e96f3d_normal.png","profile_image_url_https":"https:\/\/pbs.twimg.com\/profile_images\/344513261572266825\/1316a31c9c4481517fbb3fca65e96f3d_normal.png","profile_banner_url":"https:\/\/pbs.twimg.com\/profile_banners\/16582191\/1398308277","profile_link_color":"83B449","profile_sidebar_border_color":"FFFFFF","profile_sidebar_fill_color":"6C9450","profile_text_color":"242424","profile_use_background_image":true,"default_profile":false,"default_profile_image":false,"following":true,"follow_request_sent":false,"notifications":false},"geo":null,"coordinates":null,"place":null,"contributors":null,"retweet_count":1,"favorite_count":5,"entities":{"hashtags":[],"symbols":[],"user_mentions":[{"screen_name":"alexandraheber","name":"Alexandra Heber","id":331440970,"id_str":"331440970","indices":[116,131]}],"urls":[{"url":"http:\/\/t.co\/Llvpstnz09","expanded_url":"http:\/\/www.businessinsider.com.au\/envato-the-australian-company-behind-themeforest-has-paid-out-224-million-to-its-users-2015-1","display_url":"businessinsider.com.au\/envato-the-aus\u2026","indices":[90,112]}]},"favorited":false,"retweeted":false,"possibly_sensitive":false,"lang":"en"}]