[{"created_at":"Wed Jan 07 08:39:01 +0000 2015","id":552746212819222529,"id_str":"552746212819222529","text":"Graphic Design Criticism as a Spectator Sport: http:\/\/t.co\/zamnStLDph http:\/\/t.co\/EphqW3haQk","source":"\u003ca href=\"http:\/\/bufferapp.com\" rel=\"nofollow\"\u003eBuffer\u003c\/a\u003e","truncated":false,"in_reply_to_status_id":null,"in_reply_to_status_id_str":null,"in_reply_to_user_id":null,"in_reply_to_user_id_str":null,"in_reply_to_screen_name":null,"user":{"id":16582191,"id_str":"16582191","name":"Envato","screen_name":"envato","location":"Melbourne","profile_location":null,"description":"Envato is an ecosystem of sites to help you get creative.\n\nSupport Requests: @envato_help","url":"http:\/\/t.co\/5OvUThoMWI","entities":{"url":{"urls":[{"url":"http:\/\/t.co\/5OvUThoMWI","expanded_url":"http:\/\/envato.com","display_url":"envato.com","indices":[0,22]}]},"description":{"urls":[]}},"protected":false,"followers_count":49222,"friends_count":510,"listed_count":1760,"created_at":"Fri Oct 03 19:11:51 +0000 2008","favourites_count":280,"utc_offset":39600,"time_zone":"Melbourne","geo_enabled":false,"verified":false,"statuses_count":6140,"lang":"en","contributors_enabled":false,"is_translator":false,"is_translation_enabled":false,"profile_background_color":"323435","profile_background_image_url":"http:\/\/pbs.twimg.com\/profile_background_images\/378800000036129044\/4aaf87e960f30537daa1a0a0c3c4fc31.jpeg","profile_background_image_url_https":"https:\/\/pbs.twimg.com\/profile_background_images\/378800000036129044\/4aaf87e960f30537daa1a0a0c3c4fc31.jpeg","profile_background_tile":false,"profile_image_url":"http:\/\/pbs.twimg.com\/profile_images\/344513261572266825\/1316a31c9c4481517fbb3fca65e96f3d_normal.png","profile_image_url_https":"https:\/\/pbs.twimg.com\/profile_images\/344513261572266825\/1316a31c9c4481517fbb3fca65e96f3d_normal.png","profile_banner_url":"https:\/\/pbs.twimg.com\/profile_banners\/16582191\/1398308277","profile_link_color":"83B449","profile_sidebar_border_color":"FFFFFF","profile_sidebar_fill_color":"6C9450","profile_text_color":"242424","profile_use_background_image":true,"default_profile":false,"default_profile_image":false,"following":true,"follow_request_sent":false,"notifications":false},"geo":null,"coordinates":null,"place":null,"contributors":null,"retweet_count":3,"favorite_count":0,"entities":{"hashtags":[],"symbols":[],"user_mentions":[],"urls":[{"url":"http:\/\/t.co\/zamnStLDph","expanded_url":"http:\/\/buff.ly\/1wgEG79","display_url":"buff.ly\/1wgEG79","indices":[47,69]}],"media":[{"id":552746212756291584,"id_str":"552746212756291584","indices":[70,92],"media_url":"http:\/\/pbs.twimg.com\/media\/B6u_wH5IAAAXNZN.jpg","media_url_https":"https:\/\/pbs.twimg.com\/media\/B6u_wH5IAAAXNZN.jpg","url":"http:\/\/t.co\/EphqW3haQk","display_url":"pic.twitter.com\/EphqW3haQk","expanded_url":"http:\/\/twitter.com\/envato\/status\/552746212819222529\/photo\/1","type":"photo","sizes":{"large":{"w":525,"h":353,"resize":"fit"},"thumb":{"w":150,"h":150,"resize":"crop"},"small":{"w":340,"h":228,"resize":"fit"},"medium":{"w":525,"h":353,"resize":"fit"}}}]},"extended_entities":{"media":[{"id":552746212756291584,"id_str":"552746212756291584","indices":[70,92],"media_url":"http:\/\/pbs.twimg.com\/media\/B6u_wH5IAAAXNZN.jpg","media_url_https":"https:\/\/pbs.twimg.com\/media\/B6u_wH5IAAAXNZN.jpg","url":"http:\/\/t.co\/EphqW3haQk","display_url":"pic.twitter.com\/EphqW3haQk","expanded_url":"http:\/\/twitter.com\/envato\/status\/552746212819222529\/photo\/1","type":"photo","sizes":{"large":{"w":525,"h":353,"resize":"fit"},"thumb":{"w":150,"h":150,"resize":"crop"},"small":{"w":340,"h":228,"resize":"fit"},"medium":{"w":525,"h":353,"resize":"fit"}}}]},"favorited":false,"retweeted":false,"possibly_sensitive":false,"lang":"en"}]